{
  "lr": {
    "cv_auc": 0.7437486117457417,
    "test_auc": 0.7167072830198258,
    "gini": 0.43341456603965156,
    "ks": 0.3553245500469627,
    "f1": 0.7136035803597746,
    "accuracy": 0.7018509254627313,
    "brier": 0.20567740883962987
  },
  "xgb": {
    "cv_auc": 0.8389788874292387,
    "test_auc": 0.8348348691391871,
    "gini": 0.6696697382783743,
    "ks": 0.5179816211001955,
    "f1": 0.7926282500624358,
    "accuracy": 0.7888944472236118,
    "brier": 0.1494472623627765
  },
  "fnn": {
    "cv_auc": 0.8246440912725611,
    "test_auc": 0.8043370649607798,
    "gini": 0.6086741299215597,
    "ks": 0.46953519660853454,
    "f1": 0.7978649820076631,
    "accuracy": 0.8049024512256128,
    "brier": 0.15572004643285078
  }
}